編號,科技執法種類,設置地點,取締項目,取締件數
1,區間平均速率執法,"台61線北向122.6公里至115.6公里
台61線南向122.2公里至130.2公里",測速，速限90公里（大車速限80公里）,0件，設備系統維護中
2,區間平均速率執法,"台13甲線南向8.3公里至9.5公里
台13甲線北向9.5公里至8.3公里",測速，速限60公里,0件，設備系統維護中
3,區間平均速率執法,"台13甲線南向9.8公里至11公里   
台13甲線北向11公里至9.8公里",測速，速限60公里,0件，設備系統維護中
4,區間平均速率執法,"縣道140線東向16.2公里至16.9公里
縣道140線西向16.9公里至16.2公里",測速，速限60公里,"2,564件"
5,區間平均速率執法,"縣道140線東向23.1公里至25.1公里
縣道140線西向25.1公里至23.1公里",測速，速限60公里,"1,926件"
6,區間平均速率執法,"台3線南向103.2公里至108公里
台3線北向108公里至103.2公里",測速，速限60公里,146件
7,區間平均速率執法,"台3線南向114.3公里至123.6公里
台3線北向123.6公里至114.3公里",測速，速限60公里,99件
